SaleID,SaleDate,CustomerID,ProductID,Quantity,TotalPrice,Discount,TaxAmount,PaymentMethod,SaleStatus,SaleCreatedDate,SalesRepresentativeID
09b27eb7-cff8-4474-ba1e-e733c8c6cb12,2024-03-21,2317864c-d746-48cc-a90b-19c22e310e5a,f8044afb-2e03-4885-a721-b7ac65cc8fcb,5,469.34,70.32,42.31,Credit Card,Cancelled,2023-10-14,dfdf9386-e3f1-4151-8ce4-a5b21bfad3fd
2487906d-517e-4940-a54a-e1e3dc5cb70a,2024-02-11,a740cdc9-e1f8-4740-aff1-c34a1a43f648,99a23260-6622-481e-bf7e-c49ae5172b84,9,767.67,53.36,51.1,Bank Transfer,Cancelled,2022-08-09,2665b38c-d4ff-43e7-93ed-92c70387d319
027156ec-9c6c-4dfa-a454-7a23098f174f,2024-01-19,eea6990a-0844-4720-a44a-76fb3add0d94,59c28212-9052-4e6d-b82e-3635f80bf4c3,10,451.38,26.22,38.45,PayPal,Cancelled,2023-02-22,38407a7b-5bcf-489e-b67f-3383b20c08ac
c215df8d-236f-486e-903b-8a96af2e5bc4,2024-06-15,936ebfc9-5483-46a0-a3df-1b8bb2435aa0,f7a4f361-86ef-41a8-b7b7-249795b25dd2,3,560.68,59.82,84.92,Bank Transfer,Pending,2023-04-17,5870c694-d8a6-4f1a-9e92-bf43c3ba83c1
e0e263e4-06dd-4ca9-ae74-a5961c741902,2024-01-30,0c20f9f4-aeed-4fda-aea6-ac04861a55d5,39942dea-4911-4bb2-9f31-023af9f47df0,4,319.17,60.56,43.02,Bank Transfer,Completed,2020-06-05,7fef5da5-2794-4272-b91a-9cd8bffbeb6c
659a1616-6818-4e13-be42-08336ffb435f,2024-02-14,d3904669-e462-456d-ae3a-66dab49810b3,9358e4c9-e0e8-460e-8f30-07c8c6962408,4,252.06,41.6,60.68,Bank Transfer,Cancelled,2024-04-13,2f009e33-4115-4c39-9b1e-98787504c2e4
c322a37d-5898-40a1-ad61-326fbbc64cc8,2024-04-06,2db52673-1fd5-440a-851e-accf7d07a89d,a8ef692d-455f-44b3-b2e7-58587206dae4,10,921.58,81.76,95.22,Credit Card,Completed,2023-07-13,48826659-4428-4aee-9032-733f3998522c
9dd3a56a-e13f-4aa0-b2e7-366f1b84e79f,2024-01-20,6e43f5b7-a4ce-45ca-abc4-79e4e59110e5,36a4ccd0-61e3-432f-9b7f-6c082f472ad1,4,422.45,54.61,62.8,Debit Card,Completed,2021-05-19,2d4a1637-9106-412e-80be-22877fe4afe2
9645905c-aede-4d7d-bb08-1ed92969d0cf,2024-01-23,3a201e44-41d7-4fbf-86b4-3ef8098e45e5,4e58fee4-e57e-4703-b201-d48033e5f06e,6,735.41,85.24,9.98,PayPal,Cancelled,2020-05-12,8f15c840-46b3-41f9-933d-6e1515d49609
fedf1e29-dff5-45da-93c8-062d84b0a713,2024-03-28,283d081a-ba2e-4707-9393-5ebe4392ed97,99a23260-6622-481e-bf7e-c49ae5172b84,5,28.55,15.42,27.34,PayPal,Cancelled,2021-07-30,e968d7d3-b3eb-4528-a1b4-818e9ccfa30c
4ea12fcb-530a-4a13-91e1-43b2df4db39c,2024-02-04,b5efdeb9-1c70-4cad-9149-51187916feca,9358e4c9-e0e8-460e-8f30-07c8c6962408,2,188.85,0.52,12.6,Bank Transfer,Pending,2023-12-27,7520d703-7300-4b5d-9797-f87834edc4a4
d1bf36d6-e25a-4b93-b1aa-260e007fc643,2024-04-02,dd3829c2-36cb-4e64-925a-298a7bbffb2a,4502a6c5-7672-4933-9a23-0afb9acb6de5,7,403.34,15.42,23.95,PayPal,Completed,2021-07-01,efb994de-ca81-4d06-9426-4eb43a92594e
23426cd1-c4fb-4670-97d4-4ca5911eaae2,2024-03-07,1eb9af2c-a2cc-4011-aae4-535d988fda85,ef0207f3-d3ad-441c-977a-f96bf7f3bd54,6,494.98,75.06,31.39,Debit Card,Cancelled,2022-07-05,b3c9321e-bb7d-4ae8-9928-c5b0fa73f508
55caf181-41a7-4082-891f-abb1abac2f0a,2024-03-21,c735fd03-cfcf-4df2-8d78-f192c20b4c80,79c653c0-949b-4104-8801-4da52c63d96f,6,977.64,5.81,52.93,Debit Card,Cancelled,2023-03-15,df6e2085-c76d-4a3c-bf13-6ff12b6f468e
df5cba8f-cae7-49e0-bbfd-637b71f4a674,2024-01-23,3718571b-d2c1-42e5-a921-4a896c14b89c,f8044afb-2e03-4885-a721-b7ac65cc8fcb,3,278.84,68.25,52.74,Credit Card,Pending,2020-08-24,75f5c516-36d9-45a4-b727-0c7403a69511
2006b8a5-3e1f-45e8-9a94-b5532c3f8a32,2024-02-09,7e3c245b-abbf-4a90-9d28-b56da7295a26,a8ef692d-455f-44b3-b2e7-58587206dae4,1,527.75,44.3,18.96,PayPal,Pending,2024-04-14,4917aa97-8187-48e1-b520-532c740e3764
f57097c2-9b7e-46f1-bd8e-dd0dbd222ea5,2024-04-30,d475c6f7-97ba-4649-8225-636840385e2f,5f4b65cb-5ba6-4dea-8a0f-14af6e81278f,3,715.04,16.15,14.21,PayPal,Completed,2024-05-09,b447b07c-cc82-405a-b6a7-d7036e5f7b8c
2d9a0bc8-ae45-451e-9dcf-e9814f0f439d,2024-03-05,03f55fb4-4c7b-4b24-9397-59f15a2db007,c4dceba3-d62f-4d54-abe9-406130b7cedc,2,21.88,81.8,85.88,Credit Card,Completed,2020-10-03,d6d4bef0-2046-4c0b-a6b1-a54ba95244d5
2ee45f07-5965-42c0-bf03-ea314342c01f,2024-04-21,ddf0f6a9-244c-4c26-9abd-329e25f2c452,98a70fbf-1f3e-48b5-8777-e4bd0cf4694a,10,984.23,20.01,18.42,Bank Transfer,Completed,2020-09-01,c84fe1c0-9dd9-446d-b794-9db085171a27
ecb1d131-3836-44a6-b5bd-5eb6998816b6,2024-04-06,41a82660-c2ab-4501-ac61-e50cc20a3fa2,964cbb5f-8b16-4a88-bd94-af7a119922c9,3,167.84,2.95,89.46,Credit Card,Cancelled,2024-03-17,464f3694-8f34-423b-bf62-069de6d62405
9f33afa0-b804-46c2-98de-09102ce37127,2024-01-22,23a2b433-b1de-4c89-820b-c204e3bc3df7,4d97f047-c090-4574-a802-3d026a1178e3,2,23.17,95.16,81.53,Credit Card,Completed,2022-08-17,5cde1e38-05e2-49ed-964d-8f0d7d58dd53
0ba9243a-479a-410c-b325-406919046691,2024-03-15,1962e94c-7316-4c25-9bae-cf76862a0661,1e8bb102-00af-4b5a-9e13-29a2674bb14a,6,929.52,68.93,92.04,Bank Transfer,Pending,2021-12-07,a89f5ee5-5c41-4deb-bc7f-3baa5200e05d
643ea7ac-1a86-4fd0-81e1-f6ddab074c2f,2024-06-04,20089aad-a3b5-4646-b35e-0f0bafaf9891,c435548e-ba34-4618-b717-025f0120d63f,7,970.59,37.68,53.99,Bank Transfer,Completed,2021-10-04,48ca4be3-92a4-41e7-8048-7844552bddd1
057c526e-c806-47f2-bcdc-e55614ef6d21,2024-06-12,4f867e36-585b-4e00-9a41-cd84f0b5858c,295a85cd-a889-45a6-ab45-a6cd81d74a43,5,741.33,88.67,28.26,Credit Card,Completed,2024-03-23,a590aaaf-ab0a-4972-b78a-4c20adfd60e7
5ed7f5be-1625-4476-9146-d6ddb392a6ec,2024-01-30,217ebd8f-9389-44d3-85e0-1cf6ba2a0df0,2bb065c6-7b7d-41b0-b650-3b17b832f3c8,6,655.11,50.88,60.05,Bank Transfer,Cancelled,2020-11-10,cf0fab97-3e1e-4492-926c-3ed76a711657
76eef880-d2cc-4cdb-ae0b-64efdb5418a3,2024-02-01,93ccf626-7a1a-4892-ad14-9ad74d227032,03aff064-a198-4afd-9e57-27b6b2ac6513,2,774.36,6.67,54.38,Debit Card,Pending,2022-07-22,683775ce-acfb-4432-9597-ad25fe994e9e
0a8b4990-da96-4d3e-bfb8-03b81b2ec171,2024-05-03,8127581e-8b41-422f-85aa-645bb0b6bf84,9d71d9c4-98e5-4ef1-b57f-05251a4e2aee,10,635.99,4.46,67.33,PayPal,Cancelled,2020-09-05,c3303baf-949c-4347-8a4b-579ef05be0b0
85ca1dd1-25b6-48e1-a50c-eb104589f292,2024-02-11,c89ba238-71c6-49db-aebd-8f1c02983918,295a85cd-a889-45a6-ab45-a6cd81d74a43,4,169.99,81.55,1.86,Bank Transfer,Pending,2021-06-05,6a6f6a32-605a-4113-b588-b7e85ad9cc0b
f6744379-c7e3-48fb-8f9a-4039a9aedb88,2024-02-27,8263c27d-47c5-4e10-82ac-b5a037da0e25,742f6133-d928-4496-b1e9-5d4a9b704204,9,401.96,42.06,46.12,Bank Transfer,Pending,2022-09-14,a307ccf5-7528-4d92-829c-738fc283af5c
15a6cf44-ddf0-4abe-bce9-82c20507a208,2024-04-25,8b828471-4ec5-4519-8f7d-8e509787eb7b,1fc888f6-8a5b-4307-a441-03b01eee86b6,7,581.23,44.21,30.67,Debit Card,Pending,2020-04-03,a256aaed-620c-480b-bdb7-2ef51429f9ae
e8a68734-4cee-429b-821e-0bb28c39bbc7,2024-02-15,350c12d7-eb54-435b-8ef4-e2703b8ac761,9d71d9c4-98e5-4ef1-b57f-05251a4e2aee,9,684.31,69.63,23.92,Bank Transfer,Completed,2023-06-04,2147a9df-d0de-42e3-a277-1a194eb7973f
f20004ba-1196-4ec6-844f-76f97463cd49,2024-01-22,cc9a38d1-546a-435c-8c64-08b4eb3a2c33,98a70fbf-1f3e-48b5-8777-e4bd0cf4694a,6,882.32,98.64,88.57,Bank Transfer,Completed,2021-07-18,6cda1fa1-e02a-44e0-999b-3f5a3845e570
36ab3661-c4f7-4be3-b592-f0308d58c62a,2024-03-24,afc5d0b5-7820-4861-a662-079dab05ec91,fea30aab-5255-43ae-89c3-0e19468efd92,9,856.75,92.45,23.19,Debit Card,Cancelled,2023-04-18,f62bcc7a-4e3c-4a3d-beaa-66092426eec3
8fd8579f-4e15-4f66-a058-9a0f3163e81b,2024-06-14,2db52673-1fd5-440a-851e-accf7d07a89d,7f81f354-b3bb-4193-8612-fdb635a66908,10,696.9,77.58,30.06,Bank Transfer,Pending,2020-07-28,495da670-c98c-4224-8233-75b782cb668c
2010fd5b-153a-4ece-bcdc-bfb65b4c5677,2024-03-14,75d732d4-6db5-4553-b889-d228465f6656,8790740e-d102-4aa6-9c9e-0ae0646eb3b2,9,103.44,81.86,14.79,PayPal,Completed,2023-11-21,dfd6e653-aa02-456e-9cd6-d2071f8bbe9e
c6e6aca4-ba70-4beb-bfd8-4c386de42b70,2024-03-16,b5efdeb9-1c70-4cad-9149-51187916feca,7f81f354-b3bb-4193-8612-fdb635a66908,7,326.49,57.16,62.26,PayPal,Completed,2023-04-06,2149f3de-22ed-48c1-aaac-f349b2f941b4
f8e97cb7-4a05-4138-a7c0-772ce37a576d,2024-06-05,1d72aaaf-1f5b-4925-9c28-dabed08cd640,f8044afb-2e03-4885-a721-b7ac65cc8fcb,1,167.33,41.29,50.2,Debit Card,Cancelled,2020-09-13,5ee6037d-2138-46a8-ac60-1f9f80e3aa61
c1b893e8-2694-4b88-9eb4-b6cb2464ba6d,2024-02-01,49eefa32-33c0-4bc1-8987-a9d966a93c87,38a8871a-d880-463c-972d-1308cfeb0fa7,2,287.92,86.16,76.27,Bank Transfer,Cancelled,2023-06-03,5afda730-3a9f-425c-8aad-056b96671dd7
83948448-1ccd-4a1a-9744-04487f4f64e2,2024-05-26,6490f670-6c26-49e3-917a-fa26b35dd5ce,295a85cd-a889-45a6-ab45-a6cd81d74a43,3,370.85,89.67,16.35,Credit Card,Cancelled,2020-06-08,807d594c-f98f-41ae-840f-f6d9bb90e15a
36460fb6-5ea0-4f23-9591-48418e264243,2024-03-06,0239089d-7792-4306-919b-50e6164c7326,984d311d-1976-4029-8123-d41f8c0f7b7c,2,165.03,28.05,31.46,Credit Card,Pending,2022-05-06,dfd6757c-8f79-4067-a133-290302ebec49
e57a932b-9367-4ac5-b47b-60cdcae63937,2024-02-14,df861c5d-c5e7-4082-8fd3-7030a3eabe10,42549c6a-6745-4ab3-b0df-6c406dc8f888,2,520.11,74.5,71.31,PayPal,Cancelled,2023-08-29,e2685b99-ddcc-456a-8210-e3b199ad529d
979f7cf1-29f3-4ac9-ac3f-9b1341f732f4,2024-05-22,574c0bbb-ae95-4e5f-a73e-f95f9b083a61,7f81f354-b3bb-4193-8612-fdb635a66908,4,588.86,68.15,79.36,PayPal,Cancelled,2023-01-21,cdc6b5c5-ff78-45b9-af2d-66163b939854
66ed27d1-19d1-4c64-a691-5abc84308b72,2024-05-25,60dcfc3c-9426-4262-b86d-aca5c3d384c8,4502a6c5-7672-4933-9a23-0afb9acb6de5,6,759.3,74.48,32.14,Credit Card,Cancelled,2021-04-14,54a7580e-09ab-4420-b534-ad82f1a2187e
596f0102-5b3f-4161-a3ee-a88e2cad38fb,2024-05-25,6307db07-0222-4133-bff8-86777fb5856b,39942dea-4911-4bb2-9f31-023af9f47df0,7,160.03,46.6,10.42,PayPal,Cancelled,2020-11-10,b9fa0090-544e-4984-bc88-6621c538e42e
5983d6c1-bcc3-452f-8c99-e94c4b184981,2024-06-02,71cc84d0-795f-418f-82b7-5ea6e0c8009d,4e58fee4-e57e-4703-b201-d48033e5f06e,4,761.38,93.07,56.91,Credit Card,Pending,2023-01-28,df2ea366-28cb-44c8-b1e3-d697afeeb92d
b6542fad-2b6a-4fa2-aece-7ef8b5ff0501,2024-06-14,df74102c-67e4-4cea-9cc4-0d7bffca7a6f,6545fddc-d9d3-4e30-ab39-3616324ad0d5,1,950.96,35.66,76.29,Debit Card,Completed,2022-10-23,fb6da49c-f956-43e2-b637-a8aab4f5e18f
7cff704f-c5d0-4616-9caa-ae0a8d464641,2024-04-23,ddf0f6a9-244c-4c26-9abd-329e25f2c452,1e8bb102-00af-4b5a-9e13-29a2674bb14a,7,892.75,66.08,76.48,Debit Card,Cancelled,2023-10-18,37b22afc-99da-4d0b-a23a-397670f887ab
7c793208-a596-4dac-8592-6769e3d3b640,2024-04-06,3ad46253-e08c-41e1-a372-5f4c971f6316,093c273b-af8d-4df6-85f7-a96f4048421d,1,120.13,37.8,15.03,PayPal,Pending,2020-05-27,697fc3c1-12f0-424c-a6d2-88c7d36181f0
6e050db5-b404-4785-ac3b-1708083635c4,2024-06-13,e0a3bfa0-7bd8-447f-af55-5c81e3ba584d,fa99f236-7e4e-4dfd-a3f1-329c91e1ed32,2,91.13,72.77,78.32,Debit Card,Pending,2024-06-14,a385f56b-986f-4433-848c-a29194cdb7c2
e536ffae-6ff1-4a56-9f32-1fda892d55a6,2024-06-03,dd3829c2-36cb-4e64-925a-298a7bbffb2a,306be251-0510-4484-9441-96a905577c3a,6,458.44,94.13,53.04,PayPal,Pending,2022-08-28,1a055f36-2359-4055-b361-de87eaa1abda
90d65937-1d9f-45f8-add8-f26c1b76c161,2024-02-10,1b5c89a8-1723-4064-bc92-57339dedf39e,39942dea-4911-4bb2-9f31-023af9f47df0,2,892.96,70.63,38.74,PayPal,Cancelled,2021-12-02,70758013-b72a-40bf-ade8-a338cc14147c
b16fd228-96a0-4529-8917-f9d87e15f6a2,2024-06-15,8d234d52-170e-4014-83f5-97951bc38bba,0636beb9-cb1a-4e9f-b68a-66b0e3e245b0,6,879.17,75.26,2.19,Credit Card,Pending,2023-08-21,0d077142-b529-4a84-8355-c8703a684635
2c7ed22b-2260-457d-a560-844834af9b2c,2024-02-17,8312f106-630b-4837-a489-867b7b136105,42549c6a-6745-4ab3-b0df-6c406dc8f888,9,180.5,73.35,49.89,Bank Transfer,Pending,2023-03-15,7bb1ca65-e4d1-4526-a18d-29d482ae42b1
3fd3d567-8a8c-4302-a77b-65d266d13329,2024-03-21,b0bb4431-3b84-4300-b143-10d8e0680eae,99a23260-6622-481e-bf7e-c49ae5172b84,4,413.94,31.83,10.8,Debit Card,Pending,2024-03-12,05edf9ea-aecb-4851-8049-a30fbd69f3fe
c4644425-f7fb-4b6b-8a37-e6b4216df247,2024-03-11,1eb8473d-c45d-479c-ac9c-7bcd164a996c,6545fddc-d9d3-4e30-ab39-3616324ad0d5,9,890.87,31.59,35.33,Bank Transfer,Cancelled,2021-10-22,69320e82-cb4f-46ad-a67e-b811a7c11069
43425a6a-cb93-4ae0-ab11-9fd01d949130,2024-02-05,ed3ca177-5640-43b2-9606-f7d8d98bf219,4502a6c5-7672-4933-9a23-0afb9acb6de5,2,887.58,94.76,45.99,Credit Card,Pending,2021-12-23,89861383-e160-46bd-935c-fb3add528db7
1ed1ad7b-2ce9-4e47-bd3e-45b22ff39ca0,2024-06-16,8127581e-8b41-422f-85aa-645bb0b6bf84,c4dceba3-d62f-4d54-abe9-406130b7cedc,6,395.91,62.25,43.93,Debit Card,Completed,2022-02-12,c851c8e9-494b-465c-a59a-c1f3c3730738
7fb4812d-801a-4de7-8b41-aa3e761013ed,2024-03-08,ba9e5504-17e2-404b-a538-e709f90287f1,1fc888f6-8a5b-4307-a441-03b01eee86b6,10,916.25,81.83,28.23,PayPal,Cancelled,2023-01-06,e5b91b00-985b-461c-9ddb-5180ccf7bc54
ee787686-1307-4a39-bad2-7dd4c8a376aa,2024-02-24,1b5c89a8-1723-4064-bc92-57339dedf39e,093c273b-af8d-4df6-85f7-a96f4048421d,8,539.71,52.09,34.92,PayPal,Pending,2022-06-29,dde02e84-2c48-4ace-a61c-d6303b64d597
ee05b20c-28cd-4415-adb1-9aa3197c5b40,2024-06-14,1eb9af2c-a2cc-4011-aae4-535d988fda85,6545fddc-d9d3-4e30-ab39-3616324ad0d5,8,514.92,81.57,82.09,Bank Transfer,Pending,2021-02-17,038e9c21-3cd0-4a62-9a6a-26a23219df3d
427060c0-768c-44c0-a536-3959763ce97b,2024-05-10,07892aea-2004-4885-8717-4b77af4546c0,306be251-0510-4484-9441-96a905577c3a,8,930.39,30.38,85.8,Credit Card,Cancelled,2022-07-03,693a9f31-4f60-4b52-8027-7de8017c8500
ba4dc1b3-0174-49f3-b1a3-a03335fb94ab,2024-01-18,3cd9459d-f0fb-4b59-92a1-04bf378e2729,0f0646f1-45ce-48bb-9627-e5510ac4fcdd,10,350.61,30.21,3.91,Credit Card,Completed,2024-04-30,3dd1a438-adf9-434d-b590-989ed2eb12a9
3c0a3e2d-99d9-4ad6-a204-5aec4097a916,2024-02-11,07892aea-2004-4885-8717-4b77af4546c0,093c273b-af8d-4df6-85f7-a96f4048421d,5,825.96,32.16,5.97,Debit Card,Cancelled,2021-05-28,e747ebf9-2ed4-4f67-9c29-bd09f9e70680
bd323f79-1ee8-4b19-8a00-fcc0669d1bd3,2024-02-09,d4e79f01-c83b-4b7f-9a01-2247d4e45063,8790740e-d102-4aa6-9c9e-0ae0646eb3b2,5,476.98,23.62,97.55,Bank Transfer,Pending,2023-03-21,8273b5df-b302-4211-b537-83290e5e985d
359bb6f2-29ec-4d73-adf4-3c7cad8e33ab,2024-06-18,f9f880cd-b871-4ab1-836b-e61726727531,4d97f047-c090-4574-a802-3d026a1178e3,10,849.52,99.89,63.78,Debit Card,Cancelled,2022-03-11,a66531e7-bd57-489a-b7e9-5654c015f322
096011d1-b642-46ba-ae67-f8822af96df4,2024-05-09,afc5d0b5-7820-4861-a662-079dab05ec91,c9c787a3-4555-4606-9e4c-15b68e5e86e4,5,765.92,22.9,86.83,Debit Card,Cancelled,2022-07-18,baba8507-0a36-48f8-bfb1-bfbad315b28a
c50ed0a1-6e8f-47c8-8d70-8a7c9facbfb9,2024-02-18,1d72aaaf-1f5b-4925-9c28-dabed08cd640,2661a7ed-7499-46c2-8836-440f7f13f779,3,403.05,76.32,4.4,Credit Card,Pending,2020-03-25,d421a360-1b8d-4642-b40c-99c9ee8a6e30
ea930ff4-baf9-42ad-adc6-6221166b0554,2024-03-05,9d635260-ca3f-4399-b5fc-d19e965c714f,d5bdc83c-7d64-49f0-a402-fabab2eb5d24,2,280.31,22.97,20.1,Debit Card,Pending,2023-03-21,d97b87d8-9456-4815-98e1-3ffe8f31279f
7d965942-53ab-484d-96d5-68d122009426,2024-06-10,bd85ce49-56fa-4c50-9309-ab01b8ab0149,6545fddc-d9d3-4e30-ab39-3616324ad0d5,3,567.17,15.09,80.54,Credit Card,Cancelled,2021-07-13,b50de265-7e35-4100-bbc6-a7c80d923998
2800097d-6a29-4895-960b-d99485c175b7,2024-02-11,e2e596ce-4ca2-488e-b098-4b2047eb23bd,0636beb9-cb1a-4e9f-b68a-66b0e3e245b0,5,603.45,20.29,31.29,PayPal,Completed,2020-03-16,d054388d-b1ad-42c3-aa29-7acac5c2b499
ecafd500-4ef0-46d7-ac9e-a1ccc48e8c25,2024-03-27,bd85ce49-56fa-4c50-9309-ab01b8ab0149,8790740e-d102-4aa6-9c9e-0ae0646eb3b2,3,214.43,16.56,86.54,Debit Card,Pending,2023-12-25,5db577c6-164d-4eaa-aed0-7192bd0a8cec
47674fc2-4de4-4680-bc43-e3a9d2128047,2024-02-25,e98978a6-f222-4755-99fc-19af8507028c,1fc888f6-8a5b-4307-a441-03b01eee86b6,8,46.4,50.06,98.9,PayPal,Pending,2020-03-16,1de7c449-b075-48cc-8d40-3f50f1b7d81e
786ff1b4-e712-42fe-979e-a231caca31b1,2024-06-18,9ac28b29-3fb0-4372-abaa-2b075cc376c8,6545fddc-d9d3-4e30-ab39-3616324ad0d5,8,624.84,6.16,90.39,PayPal,Cancelled,2023-12-02,9c4a6219-9a94-403c-b4fe-dca485f42021
274249da-0d33-4484-9c55-277276a2fe21,2024-02-14,4e24cdaf-af99-4470-9629-a6b17be18d59,c75e21e5-4417-4601-9e1e-1f48028ad985,6,256.77,68.0,48.6,Credit Card,Pending,2021-08-10,6ae958a2-d615-494f-a69b-78503876d566
9cb24268-7cea-49c1-97e4-45556dbe3c90,2024-05-06,b5efdeb9-1c70-4cad-9149-51187916feca,4d97f047-c090-4574-a802-3d026a1178e3,8,866.44,23.85,79.95,Credit Card,Completed,2022-09-22,5ab65996-2738-4dfe-8728-0898972be1ff
82b6a2de-ce73-42c0-8700-a6dd0e287c1e,2024-01-01,127cbd1c-e50e-4a1d-9cb9-f6a1c64d1f0a,a8ef692d-455f-44b3-b2e7-58587206dae4,2,925.45,0.75,13.91,Bank Transfer,Completed,2020-09-08,29af760f-fd96-43c3-9704-321ea3ef3ab3
7956ea12-5344-49d3-81e1-f36d61d02432,2024-04-05,c15ddad3-bdff-4659-a57e-03b2dd9668e0,2661a7ed-7499-46c2-8836-440f7f13f779,1,749.36,26.51,6.04,PayPal,Pending,2020-11-06,61a88853-3d60-4484-ae68-7f9ae2c4c92e
8097df65-18e9-48fc-af6d-f41bc7cb34a0,2024-01-12,70a70384-8bea-4397-bdc7-95c68c86cdbe,c435548e-ba34-4618-b717-025f0120d63f,9,759.27,48.56,68.31,PayPal,Pending,2021-03-24,21561369-4a81-4f66-a005-09b69ede1b12
538c51de-7832-41cc-a2e2-0eb8d4ac6110,2024-03-03,758ee241-f477-47a4-9332-818ac931a2df,964cbb5f-8b16-4a88-bd94-af7a119922c9,10,535.31,88.89,59.23,Bank Transfer,Completed,2021-07-30,836816aa-ffb7-4902-8436-8aa5b9026612
037eb8f9-7c19-44e4-8a34-e96f38a1a7c9,2024-03-15,211e41cc-3674-4d81-b650-4229114a8ef2,79c653c0-949b-4104-8801-4da52c63d96f,5,982.73,69.97,39.49,Credit Card,Cancelled,2023-06-10,1b6a3654-0dad-456a-92c2-7f32a5b61598
9b3e5284-bc79-4b8f-a807-4d65f2de1dee,2024-04-17,df861c5d-c5e7-4082-8fd3-7030a3eabe10,0636beb9-cb1a-4e9f-b68a-66b0e3e245b0,6,832.25,42.84,76.66,Credit Card,Pending,2020-04-07,199babff-62f7-4c27-aa31-62a6dd93dd8d
920b9813-4bce-4f00-9460-06c243b09816,2024-03-03,7077066c-3e9a-4153-b89f-ca88ded3e3c9,df8f6751-bbe7-42da-b924-d1aa6a099415,3,303.78,2.31,10.73,Credit Card,Cancelled,2022-05-19,30996b45-c2ec-408f-943d-1bf4aeb219f6
012f3efe-856e-45c8-90bb-d6a13193da1b,2024-06-12,9a1ab068-152e-4bec-bf35-1f9f6a9d6050,c435548e-ba34-4618-b717-025f0120d63f,9,980.33,88.95,78.99,Credit Card,Completed,2022-11-01,6104c6f8-f00e-417c-a1fb-a09a0200840f
729bbbb5-64d1-4f25-a2f8-a346df4bd3ea,2024-04-06,58aecfd0-e9de-4c51-8917-0208a3f78539,fa99f236-7e4e-4dfd-a3f1-329c91e1ed32,5,858.85,60.11,24.37,Bank Transfer,Completed,2023-08-01,fde8a5ae-1d18-4ddf-a416-a0a69947cf62
c17245bd-9091-4d62-93e7-aecb52f57e72,2024-04-18,3a201e44-41d7-4fbf-86b4-3ef8098e45e5,4502a6c5-7672-4933-9a23-0afb9acb6de5,7,329.62,47.66,58.2,Bank Transfer,Cancelled,2021-10-31,1a893e5b-176b-45c4-923b-aad4ffa1fc49
d5d3e45c-6015-40aa-9968-805a0bc461df,2024-03-30,1f4abb45-8a56-4996-a488-860f5dda5254,295a85cd-a889-45a6-ab45-a6cd81d74a43,8,894.85,80.99,90.74,Debit Card,Completed,2020-12-31,e4e88da8-1954-4c8d-8462-a0f8566ec4c6
ed84f286-d3b1-4ed7-a027-d39006fcf939,2024-02-02,0131945b-bed4-45be-9f26-8cae690c5d51,4d97f047-c090-4574-a802-3d026a1178e3,4,572.51,53.38,44.07,Credit Card,Cancelled,2020-08-17,3a7efe19-5e85-4134-a815-ca3c5d57033c
c96a251b-bb47-4da7-9ae3-1c9dd7daa44d,2024-03-15,dcd75cf5-27a5-4b5b-918e-e7787df9a238,9358e4c9-e0e8-460e-8f30-07c8c6962408,1,874.88,82.03,13.89,Bank Transfer,Cancelled,2023-01-14,672301b1-48cb-458d-9c1f-8efd7e8562ac
7a6e4a31-bbe9-4e5d-a63a-03eeddf864c2,2024-03-06,db0b5437-4472-4703-8333-dd27fa6a4453,da053817-d667-41a0-88f1-f4fce0bd7d20,4,655.03,20.34,4.22,Bank Transfer,Cancelled,2023-11-05,6aa7a5cb-f0d7-47f4-8eb1-1811b5b9a7ab
dcbe3693-4687-4cc5-8910-6601728e70e5,2024-06-15,5a6dcb48-33f3-4d33-a451-c957588b8f60,59c28212-9052-4e6d-b82e-3635f80bf4c3,2,565.73,81.02,0.99,Debit Card,Pending,2021-08-16,61027673-cd7c-4c24-9890-21b2d0d338ca
03421bab-6954-4bf1-bf2a-b4879c757e19,2024-04-05,1b5c89a8-1723-4064-bc92-57339dedf39e,36a4ccd0-61e3-432f-9b7f-6c082f472ad1,5,997.47,26.81,25.86,Credit Card,Cancelled,2024-02-02,72cda49a-efce-483c-8b8d-0a3913d7f45b
957bccaf-e9fc-4a93-b023-b9adf5db8710,2024-02-18,73564d91-3cd3-4827-a49f-757a83210447,ef0207f3-d3ad-441c-977a-f96bf7f3bd54,10,251.45,37.15,39.38,Credit Card,Completed,2021-03-01,584f8ac6-3153-4357-9aee-ba897685f2d9
e1aea333-944d-4444-83b3-c8c4468bb503,2024-03-04,127cbd1c-e50e-4a1d-9cb9-f6a1c64d1f0a,1fc888f6-8a5b-4307-a441-03b01eee86b6,3,364.34,8.75,60.18,Bank Transfer,Cancelled,2022-01-31,7ff48097-540e-44a4-b2a0-e3c7f87b7474
da193ca4-0c35-4572-a97b-0313da10eda3,2024-05-17,e98978a6-f222-4755-99fc-19af8507028c,2661a7ed-7499-46c2-8836-440f7f13f779,9,346.94,66.07,17.76,PayPal,Completed,2022-07-10,9a8817f4-e70f-40b4-93fc-b27f5c3fdc85
fe867c32-dd32-43c8-85cf-391c2e72fc4d,2024-04-18,d9f68cdd-5777-4694-9785-7f042f29dabe,f8044afb-2e03-4885-a721-b7ac65cc8fcb,4,639.96,89.29,93.36,Credit Card,Cancelled,2022-04-18,80941a16-1374-4b23-afc2-e291c0a58de9
795814b6-298d-4a85-8d68-47735d098173,2024-05-03,49eefa32-33c0-4bc1-8987-a9d966a93c87,306be251-0510-4484-9441-96a905577c3a,3,466.02,45.2,22.98,Bank Transfer,Completed,2021-08-17,253d6654-7aaa-4d27-b292-f3112c7c511e
8b663872-7bd4-4a32-9e9b-cc064164c661,2024-04-12,beb54181-d24c-48cb-86d3-1a1913923d37,0636beb9-cb1a-4e9f-b68a-66b0e3e245b0,10,972.13,22.94,25.98,Bank Transfer,Pending,2022-03-07,c42cd16a-6ed7-431e-8080-3fa48e89d104
5e0f5668-0a90-4e72-a20b-09174130a59d,2024-05-15,e3b055fe-53a3-4578-9ec3-39e1d432edfb,2bb065c6-7b7d-41b0-b650-3b17b832f3c8,6,749.48,22.56,9.05,Debit Card,Completed,2022-09-18,1a37c741-6b27-45a5-9183-357da14e7b0c
b6091ac1-cf3f-4a3f-9f98-b08aedef4339,2024-01-11,d1879a5a-552d-4766-8e92-e4a990d58a3c,0f0646f1-45ce-48bb-9627-e5510ac4fcdd,4,924.79,90.56,51.44,Credit Card,Cancelled,2021-04-29,c031860e-9b28-4367-8ebe-3e643629ab9d
94f624b6-d993-43f8-8edf-2f258f9cbf06,2024-01-18,171b47b3-4c2a-469a-83f7-1e5b44ebb112,98a70fbf-1f3e-48b5-8777-e4bd0cf4694a,5,756.31,26.11,55.06,PayPal,Pending,2020-11-02,336a6eec-6029-4d73-ad9c-c26479f7f2cb
037355a6-a396-4b48-bb17-09661698fcf4,2024-02-14,3ad46253-e08c-41e1-a372-5f4c971f6316,4e58fee4-e57e-4703-b201-d48033e5f06e,1,654.12,91.29,1.01,PayPal,Pending,2023-09-10,a99b90d1-9108-4ff7-a7fc-f7ee6cc37534
15ccd955-a6cf-4784-acc6-2430573ad2ac,2024-06-08,dcd75cf5-27a5-4b5b-918e-e7787df9a238,2661a7ed-7499-46c2-8836-440f7f13f779,5,914.73,10.84,60.96,Debit Card,Cancelled,2021-03-01,18f3f026-3209-4c2d-8715-6fa9bb582829
c9ddb9f6-6268-42c7-a3c0-0dc45a0ca3bc,2024-03-15,e2e596ce-4ca2-488e-b098-4b2047eb23bd,131d67a6-750b-4acc-8892-c5657aceed16,8,741.62,75.11,98.02,PayPal,Cancelled,2022-09-13,51a3a6bb-085a-4b21-81bc-70680ff1a546
ac34cf9e-57e7-446e-88a3-52c20ba3e943,2024-05-21,f75e5ebd-f6df-4637-963e-df676d58a92d,295a85cd-a889-45a6-ab45-a6cd81d74a43,8,785.05,41.49,44.34,PayPal,Cancelled,2020-05-27,0d06a25f-ac19-4fed-ae1e-b837ede94874
afa5ac10-2cae-4a52-bc52-297632d8e181,2024-05-29,d9f68cdd-5777-4694-9785-7f042f29dabe,295a85cd-a889-45a6-ab45-a6cd81d74a43,3,845.52,63.02,41.53,Credit Card,Cancelled,2020-03-09,00c9a4f4-c233-47a7-a622-9b6aae00cdb4
aa96daca-79ed-4d24-b7db-eac38722dc06,2024-05-18,29621419-3753-47f9-a860-9355353e3f57,c9c787a3-4555-4606-9e4c-15b68e5e86e4,9,79.83,21.87,17.15,Credit Card,Pending,2021-10-17,af1886c2-cb1a-472c-82ba-9ab7afe013bd
c06e02c4-bd1b-484f-84b8-59c0cb6db697,2024-05-27,b854d47a-da90-4575-895e-533fe27f9bd2,c75e21e5-4417-4601-9e1e-1f48028ad985,6,266.76,71.6,58.99,Debit Card,Pending,2021-10-14,ec0387ae-3772-451a-951e-c4adea8ffe46
220444a1-42c2-4567-9d90-d4aaa08698ae,2024-02-12,18d54aea-d38c-4e70-9d55-2187e299cd3c,ed19f663-ae24-4c7d-898a-32329c527f77,5,342.54,18.94,24.3,Bank Transfer,Cancelled,2023-02-25,583b1af7-c02f-48d8-a9d0-dea6b3eafd1d
00f754cc-9599-4df7-a9a6-668137c25d6a,2024-05-28,ac93d069-52a9-472b-84c7-f4895079ab78,f7a4f361-86ef-41a8-b7b7-249795b25dd2,5,221.62,22.83,66.58,Credit Card,Pending,2022-12-01,d9680e06-5f00-44e4-8583-e67e0cee760b
0c468553-8381-4d0b-937c-c20513322afc,2024-03-30,348e96a8-0424-4fc7-9337-f30d49e65e82,36a4ccd0-61e3-432f-9b7f-6c082f472ad1,6,854.02,20.54,45.61,PayPal,Completed,2021-03-24,c3cdced4-36eb-416d-9fe9-2c87d1e937a9
ba8bb89f-9594-4216-8392-230a2dc2b340,2024-04-23,ef68b7f8-5d0e-49f3-93cd-9429e1be415b,c435548e-ba34-4618-b717-025f0120d63f,8,615.1,81.52,45.35,PayPal,Completed,2023-11-18,e4349a45-9e55-47cc-8d22-cea59becd588
221341bd-9a63-4f05-ac11-1326df1693a2,2024-03-16,9d635260-ca3f-4399-b5fc-d19e965c714f,c435548e-ba34-4618-b717-025f0120d63f,7,19.17,16.1,3.41,Bank Transfer,Cancelled,2022-07-19,87219faf-1eab-42cf-b529-65edab8e08cc
1ed09685-ce53-4110-9de6-9db0c5db9d39,2024-01-16,df861c5d-c5e7-4082-8fd3-7030a3eabe10,42549c6a-6745-4ab3-b0df-6c406dc8f888,6,602.96,93.21,99.05,Bank Transfer,Pending,2020-07-20,47c54e98-f565-4e75-bd7b-87c66f706360
8b255f4f-b617-4476-ab02-de938dc35c24,2024-05-14,cf0d7f62-0650-4bed-bbe9-0d02292e7699,e9b4ae3d-d7e6-436b-8ff0-91e2c354cfaf,6,200.56,36.41,23.88,Credit Card,Cancelled,2021-07-01,eda41a76-0907-4db9-a4a1-adbef4549d4c
9d0bd204-445f-4803-b916-3193ee7b3e12,2024-02-16,6490f670-6c26-49e3-917a-fa26b35dd5ce,0f0646f1-45ce-48bb-9627-e5510ac4fcdd,7,764.32,8.85,4.47,Credit Card,Completed,2021-11-30,276db5a8-cc1c-4ac6-980e-fc2c63592a50
94a0e5e8-9f73-4197-894d-c7445bf298a9,2024-04-12,439ad4a3-2e1b-402f-b20d-13efd36e02e8,9d71d9c4-98e5-4ef1-b57f-05251a4e2aee,6,412.34,54.03,78.52,Credit Card,Completed,2022-03-30,5c3707f4-2bcc-4565-9070-33bd3f587922
7a24a5ae-97c0-410c-b415-12340fbc84fb,2024-02-16,8263c27d-47c5-4e10-82ac-b5a037da0e25,c435548e-ba34-4618-b717-025f0120d63f,10,697.4,70.37,89.83,PayPal,Cancelled,2020-10-26,1f1750f9-f15e-459c-8b28-f057c9e5ac71
a71fed8e-5d0f-48b7-bf84-0ca72d4d9ad8,2024-04-07,5f4e3e5b-cf3f-4749-86db-dece77c36dce,4d97f047-c090-4574-a802-3d026a1178e3,1,814.74,69.44,73.41,Credit Card,Cancelled,2023-03-13,512d337e-4724-4d2d-a92a-c61638242251
1eeddda7-8618-44bf-8548-6d083cab13e5,2024-01-18,7f7b0b42-554b-44bf-b3cc-d7353e33ae71,c435548e-ba34-4618-b717-025f0120d63f,10,312.08,22.97,55.64,PayPal,Pending,2021-05-07,89b1c33f-30c9-40ef-9bde-42858d7d33d0
b23c487e-ceaa-41f7-997a-3388dfb53c98,2024-04-14,d7ac9174-2ac0-481b-8dac-b13c3f0e5f45,093c273b-af8d-4df6-85f7-a96f4048421d,4,292.79,18.32,5.32,Bank Transfer,Pending,2020-10-04,428ecea1-3df6-4e52-bc22-28ffe7309260
647c9972-b462-46df-a959-796547d2a5a3,2024-01-04,644fc19e-346c-4128-baf5-c58bfd4305bb,1e8bb102-00af-4b5a-9e13-29a2674bb14a,8,955.82,55.03,37.28,Bank Transfer,Pending,2023-02-16,9fd0921c-88d9-4f2f-8b8b-63266305fa1a
cb3bb1e3-fba6-4edb-9ee5-0e6fd93504c6,2024-05-05,08f6de73-a8f2-45cb-8609-0a05b9171300,9d71d9c4-98e5-4ef1-b57f-05251a4e2aee,3,362.81,41.53,96.01,Debit Card,Cancelled,2023-08-06,768d8602-da1a-4427-8e83-084a7ade7a6f
e7c41bd6-3075-4482-8560-93c976191f7f,2024-03-06,7e44dcd5-e893-4020-99e3-70e9a69530a6,4d97f047-c090-4574-a802-3d026a1178e3,8,800.73,60.66,78.58,Credit Card,Cancelled,2023-02-13,7e0d4a72-7221-470a-a1f9-9d7e90f507fc
b462e25e-6095-488e-992e-623d75657531,2024-04-23,881d7d8a-14fd-4698-b350-76b5e4ec9159,4e58fee4-e57e-4703-b201-d48033e5f06e,1,843.98,93.22,13.71,PayPal,Pending,2022-08-17,ffd342ec-1b5c-4259-b045-f8733a441f18
1facd2d1-eaff-47ad-a116-a49890716914,2024-05-02,93ccf626-7a1a-4892-ad14-9ad74d227032,1e8bb102-00af-4b5a-9e13-29a2674bb14a,4,140.29,80.19,71.5,Credit Card,Completed,2021-03-20,633053fb-cbe1-4c7f-844c-aff7bc5072a6
d670eb80-454a-41cb-a271-cdadee6c64ec,2024-06-07,232b2028-8f27-4332-b830-f11a9cfc2ecf,295a85cd-a889-45a6-ab45-a6cd81d74a43,9,867.65,41.36,0.89,Debit Card,Pending,2024-01-22,65524568-47ce-4c8f-bee8-efab7da22d01
33d6f877-4777-42f5-a0b4-ccde7f825cff,2024-06-01,2cc257a2-095f-49a4-9fb1-aeab2c19f28d,98a70fbf-1f3e-48b5-8777-e4bd0cf4694a,2,235.43,66.8,20.35,PayPal,Cancelled,2022-09-23,0dc1e459-656c-479a-b790-f0c6fec7d67b
893ea9d0-fd95-4b7c-81fe-05fe8d99f864,2024-03-11,65b1b46f-5381-49be-b879-8387252711fd,c9c787a3-4555-4606-9e4c-15b68e5e86e4,5,498.75,19.44,2.48,PayPal,Pending,2023-01-26,769b0513-10f9-457a-8453-0fc4064f46e7
886fdfcb-9105-43ff-8021-c0e8574a0960,2024-01-05,0131945b-bed4-45be-9f26-8cae690c5d51,742f6133-d928-4496-b1e9-5d4a9b704204,5,929.28,29.63,76.08,PayPal,Completed,2020-10-12,86246859-3c76-4b24-9a6b-5561cd99319f
6d83ccd0-0248-466d-9b39-aeaca27a874d,2024-04-24,5f4e3e5b-cf3f-4749-86db-dece77c36dce,d6756daa-365b-47b9-b88f-7b0a7c76c32d,8,371.39,98.89,92.75,Credit Card,Pending,2023-06-30,003281da-050e-4637-9f00-8f7b83aa2d16
ec2f0fc4-0f2c-4673-9e8f-b065ae644437,2024-05-31,dcd75cf5-27a5-4b5b-918e-e7787df9a238,c435548e-ba34-4618-b717-025f0120d63f,10,377.97,78.44,78.94,Debit Card,Pending,2021-06-30,84867266-3ab9-46ac-9f63-20ee73cac1f9
311d3cb0-b69f-4f44-a124-9898fdcb6d88,2024-04-16,ffe5422f-14dd-4ad2-b9d3-5f0e6aaf57f4,f8044afb-2e03-4885-a721-b7ac65cc8fcb,6,472.14,30.75,49.41,Bank Transfer,Cancelled,2024-02-05,bfa73233-299b-4547-a026-8cf40fb631dc
e89ba7f3-8b12-4a84-b9ac-ffc3e08873ad,2024-03-18,dbe368d7-6488-4b27-8d8e-a96fe57bebdb,306be251-0510-4484-9441-96a905577c3a,5,142.43,30.53,27.5,Debit Card,Completed,2021-05-25,b5e3cd9d-2f30-405a-b8c8-d8d017bcd144
ee4f2082-55c7-416d-a4cc-019b2ed9ba23,2024-02-18,ac93d069-52a9-472b-84c7-f4895079ab78,d6756daa-365b-47b9-b88f-7b0a7c76c32d,3,909.72,2.66,57.91,PayPal,Pending,2020-03-31,60754d5b-8fdb-4905-887e-8a3f46c5badb
791ad732-1471-4bf4-9606-22aed7a91f79,2024-03-21,f9f880cd-b871-4ab1-836b-e61726727531,f7a4f361-86ef-41a8-b7b7-249795b25dd2,5,501.94,62.9,69.74,Bank Transfer,Cancelled,2022-08-19,106945ab-602c-4f09-9378-d419af3e5d4d
2fa128ed-b279-4565-8f2f-bcd0f83f08f0,2024-05-04,9d635260-ca3f-4399-b5fc-d19e965c714f,d6756daa-365b-47b9-b88f-7b0a7c76c32d,6,880.28,67.37,76.99,Debit Card,Pending,2020-12-13,74037c02-234c-4c63-8dc3-90a68c7ec3e8
aa4b3c21-81ac-4b77-80bc-7613c0aeebed,2024-03-17,bc2358ce-c603-4dc8-88d7-87509eb42140,e9b4ae3d-d7e6-436b-8ff0-91e2c354cfaf,6,373.43,51.25,68.27,PayPal,Cancelled,2020-03-08,4c04d33b-bcff-4bdf-baca-aaf40e7df232
c104acc0-ef25-48c4-a68c-e1dbe0d2bca2,2024-02-04,73564d91-3cd3-4827-a49f-757a83210447,38a8871a-d880-463c-972d-1308cfeb0fa7,8,403.66,55.62,54.5,Credit Card,Pending,2021-09-28,c10a8f26-3703-45bd-bc77-64ef086c9deb
52ace254-caf8-4003-8b9a-c0bf37082889,2024-04-20,644fc19e-346c-4128-baf5-c58bfd4305bb,99a23260-6622-481e-bf7e-c49ae5172b84,3,860.58,82.53,80.03,Credit Card,Cancelled,2023-08-24,554dea35-36c3-418f-8b85-99eec9c09de8
13e668b0-15c0-4b36-aab1-6ecdecea6472,2024-01-07,d7ac9174-2ac0-481b-8dac-b13c3f0e5f45,f7a4f361-86ef-41a8-b7b7-249795b25dd2,2,824.04,79.16,66.91,PayPal,Cancelled,2023-07-22,85de9e09-f967-4fca-85eb-f357d363989b
4da60f3c-1748-43ba-bab5-cbacce35f3db,2024-04-06,947ca1d1-39f0-416b-8a12-b233909df384,4502a6c5-7672-4933-9a23-0afb9acb6de5,2,711.97,3.52,71.72,Credit Card,Pending,2022-05-03,97975b57-938e-4f16-b4be-bf9c9b4e5141
52cb83b4-1bf4-4037-8f29-3634f1501167,2024-03-12,db0b5437-4472-4703-8333-dd27fa6a4453,9358e4c9-e0e8-460e-8f30-07c8c6962408,6,675.98,82.33,31.5,Credit Card,Completed,2021-07-21,08a51e3e-d044-4d37-98a7-394c799b5950
51c6f2df-933a-4619-816e-4de9771be022,2024-01-11,171b47b3-4c2a-469a-83f7-1e5b44ebb112,984d311d-1976-4029-8123-d41f8c0f7b7c,1,893.18,12.77,75.01,Credit Card,Completed,2022-01-28,84a02ac4-44b6-48f8-a2ea-f9100a0751fc
38e02c7f-1372-47af-b08b-bd7ee7375556,2024-01-24,beb54181-d24c-48cb-86d3-1a1913923d37,df8f6751-bbe7-42da-b924-d1aa6a099415,9,719.18,37.15,63.63,Debit Card,Pending,2023-06-20,914cec85-5d67-4ce9-91ec-cbb0958ccc8c
f84cefe3-90dd-474e-ac36-eaf69965d249,2024-02-24,6f5d5689-4845-44d5-8020-e2721c2417e1,b0dcbf51-3b2d-46a2-ab18-27694da874d4,6,927.78,72.15,47.94,Debit Card,Pending,2021-12-05,896d2ac1-2517-4180-9a56-ab23425ccf0f
e72bfdd5-5a46-4d08-b5a5-6aef8bcc1cd9,2024-03-24,1f4abb45-8a56-4996-a488-860f5dda5254,9d71d9c4-98e5-4ef1-b57f-05251a4e2aee,2,200.7,41.74,3.07,Credit Card,Cancelled,2020-05-15,cc7983b4-1007-4f86-bcaa-1a9788bfd6e9
52c12923-10ed-4d8b-9d78-fc12361d94d1,2024-05-14,cc9a38d1-546a-435c-8c64-08b4eb3a2c33,a8ef692d-455f-44b3-b2e7-58587206dae4,4,793.38,69.06,6.18,Bank Transfer,Cancelled,2020-11-15,acae56a5-1dc5-4b5d-8647-2309632d94e2
ed514fef-4c62-496a-af5b-c7e98b4e6677,2024-03-30,29621419-3753-47f9-a860-9355353e3f57,36a4ccd0-61e3-432f-9b7f-6c082f472ad1,8,909.69,86.9,15.06,Credit Card,Pending,2021-09-13,dd83121c-ebf9-4b72-ac24-62ef2326ffd8
e619985f-f96f-47b3-ab3c-119ba6fbec44,2024-03-15,6490f670-6c26-49e3-917a-fa26b35dd5ce,8dd06656-796c-41e3-8e20-c6079e2ebf84,1,502.63,50.17,12.77,PayPal,Pending,2024-03-14,de2c4317-0986-4335-b2ec-b50c6283e98e
868e062c-ecda-4062-91fa-32d4151fb111,2024-06-07,881d7d8a-14fd-4698-b350-76b5e4ec9159,964cbb5f-8b16-4a88-bd94-af7a119922c9,7,406.95,28.48,3.47,PayPal,Pending,2021-04-09,446a16da-296d-46ab-8f95-005f965d311f
09b13313-78ab-462f-9a98-c1bb022c82a4,2024-01-19,0239089d-7792-4306-919b-50e6164c7326,131d67a6-750b-4acc-8892-c5657aceed16,5,896.47,4.16,2.96,Debit Card,Completed,2021-07-23,4df3bf40-9892-4b51-aafd-db82d04c7fc5
2d76bdd5-89a1-41e7-a7fc-79c4e9970ccc,2024-04-20,344780d2-ae78-429c-8f63-ac2d32088fcd,d5bdc83c-7d64-49f0-a402-fabab2eb5d24,6,873.45,79.18,21.7,Credit Card,Cancelled,2021-02-26,53dab9d1-aa86-4a17-8af4-612165272335
aa2f5fb9-15a9-4368-bb16-6c7ddec55269,2024-05-06,8b69eb56-8769-46bb-b6cf-a664a1cc272d,c75e21e5-4417-4601-9e1e-1f48028ad985,3,432.03,55.25,34.31,Credit Card,Cancelled,2023-11-19,523921c6-e7ee-4cfa-9b09-9e8d54940b5c
f9270634-5968-4532-8728-ebc9e7a74274,2024-05-15,07892aea-2004-4885-8717-4b77af4546c0,6545fddc-d9d3-4e30-ab39-3616324ad0d5,6,856.45,4.32,13.83,Debit Card,Completed,2024-04-07,e81b51dc-942d-4275-807b-18476b091062
2f36d388-3a5b-4a17-9dc8-e8b7f1dbb7e9,2024-02-02,4c5be4b2-8fb8-4a83-8dd2-c45d9ff87430,38a8871a-d880-463c-972d-1308cfeb0fa7,5,99.85,30.08,88.18,Debit Card,Pending,2022-11-14,43a99482-671d-49f7-9530-b51a3242aaec
0c6df6e0-e542-4371-92ad-3054abd7414d,2024-06-04,08f6de73-a8f2-45cb-8609-0a05b9171300,0f0646f1-45ce-48bb-9627-e5510ac4fcdd,10,937.11,35.35,3.47,Credit Card,Pending,2020-08-04,ac3c07b0-c661-4dcf-a0ab-256f006dd4e6
123b85a5-9b98-450c-9269-4aa8a38745e5,2024-05-20,db0b5437-4472-4703-8333-dd27fa6a4453,99a23260-6622-481e-bf7e-c49ae5172b84,8,470.33,63.94,93.01,PayPal,Pending,2021-01-25,90464159-7bf4-4dad-bc68-8d0965e9b0aa
75054307-df1c-475d-9e56-b762454954a1,2024-01-13,574c0bbb-ae95-4e5f-a73e-f95f9b083a61,b0dcbf51-3b2d-46a2-ab18-27694da874d4,6,166.16,17.34,85.6,Credit Card,Cancelled,2023-07-06,8370d053-a84f-4916-a11b-efee2899ec4f
b0a60b0f-1668-42eb-9c92-f7d3ca340fe6,2024-04-30,1eb9af2c-a2cc-4011-aae4-535d988fda85,36a4ccd0-61e3-432f-9b7f-6c082f472ad1,1,780.07,95.17,80.27,Bank Transfer,Completed,2023-07-11,06ae7be8-2879-48b0-839b-8902b77698e9
7bac49e7-7ed7-42e0-baf4-554d71e4bcb2,2024-05-15,aaa9d06c-92ab-4866-823a-d047d081aa0d,093c273b-af8d-4df6-85f7-a96f4048421d,5,47.49,71.07,97.65,Debit Card,Completed,2021-08-28,75a434a8-25e4-4e5d-afe5-fa7a5e19d4d5
9919e99d-36d4-4cb2-be17-ae6f349030f2,2024-03-03,9d01faa2-6460-4195-a4b3-3a310a3f430e,c75e21e5-4417-4601-9e1e-1f48028ad985,3,662.79,21.23,91.36,Credit Card,Pending,2024-02-08,24ccca4b-63c8-4f3a-bcbd-0cd030911a9e
ae166955-7188-4779-9b01-f0c496e744d1,2024-02-15,ef80d611-991d-4b60-896d-20a0a4aa16c9,2bb065c6-7b7d-41b0-b650-3b17b832f3c8,2,636.72,54.17,36.22,PayPal,Pending,2022-01-16,e8b3c567-b23d-4253-a606-c0c96711cf66
7e177803-f15d-4182-ab6f-a9d8b998f9a9,2024-02-08,283d081a-ba2e-4707-9393-5ebe4392ed97,c9c787a3-4555-4606-9e4c-15b68e5e86e4,2,383.31,34.25,71.52,Bank Transfer,Cancelled,2023-01-27,4801e2c0-d72d-4c23-bdac-7daa6bc2a671
308aa9d0-e4b8-435f-9097-91f62e9f5880,2024-03-23,9d635260-ca3f-4399-b5fc-d19e965c714f,131d67a6-750b-4acc-8892-c5657aceed16,6,733.65,94.61,37.96,PayPal,Cancelled,2024-01-07,53a8e011-ec68-4337-a4d5-8d9f089fd431
4f2f4891-7706-474e-9eb0-906e6183f1ee,2024-04-19,778a599b-6322-4081-a219-18614525814d,4d97f047-c090-4574-a802-3d026a1178e3,8,54.74,60.37,86.72,Debit Card,Pending,2024-01-29,d9c2c27f-c2fa-4c64-9c4f-8e130254113e
3018bd57-8235-462f-9762-82a519c8b6cc,2024-01-08,1962e94c-7316-4c25-9bae-cf76862a0661,984d311d-1976-4029-8123-d41f8c0f7b7c,7,154.87,68.97,52.17,PayPal,Completed,2020-01-08,5fe5e0f3-8f2f-45df-a5f7-bcf7463ff7fd
06f924e8-fe9f-48d0-9f97-9171e4ed9da3,2024-01-13,1b5c89a8-1723-4064-bc92-57339dedf39e,da053817-d667-41a0-88f1-f4fce0bd7d20,10,622.72,95.1,16.82,Debit Card,Pending,2021-06-24,21c3d901-f126-46b3-8be7-517fc9a75fc7
7eba3bc6-013e-40fd-811d-285a7600fb96,2024-01-21,bd85ce49-56fa-4c50-9309-ab01b8ab0149,9d71d9c4-98e5-4ef1-b57f-05251a4e2aee,6,429.96,60.19,29.03,Credit Card,Cancelled,2020-05-28,50a2a80a-711f-41ca-8758-97c882ff356b
5c33e1b0-eec1-47c8-8930-b64c9a109370,2024-06-02,4ba377b9-224b-41a4-8885-b29f75e9295a,093c273b-af8d-4df6-85f7-a96f4048421d,9,545.87,65.12,50.88,PayPal,Completed,2021-09-01,07551d17-6da7-4ed6-b5d8-22c82b869163
056f1c2c-4ba5-4aa5-a0d7-09910a495b5c,2024-03-04,3f186371-7ba1-4d23-8559-ace31487ce22,b0dcbf51-3b2d-46a2-ab18-27694da874d4,5,738.08,76.1,44.68,Debit Card,Cancelled,2021-02-09,2fbac765-9a58-4a24-b583-185987ca43fa
3da8694e-8c08-4608-b669-73662e5b7db7,2024-02-04,07892aea-2004-4885-8717-4b77af4546c0,2bb065c6-7b7d-41b0-b650-3b17b832f3c8,6,118.23,17.44,62.95,PayPal,Pending,2023-12-25,775a4492-aa54-4474-8401-a0252c669f01
8a39d809-f686-4ed0-9c3f-f4d9549f1933,2024-03-27,2dc4b03b-eb2a-4f77-bc3f-6fa9da313268,2bb065c6-7b7d-41b0-b650-3b17b832f3c8,5,731.12,80.28,9.61,Credit Card,Pending,2024-03-16,908f7276-d5f4-47af-b34b-2ee39b2b4376
7417fdee-e147-4de7-8e0e-14107b03d909,2024-01-24,15ca18bc-74be-4827-bcdb-b706474d43ca,9358e4c9-e0e8-460e-8f30-07c8c6962408,9,404.09,92.03,15.13,Debit Card,Completed,2023-01-05,9e000e3d-4073-43f2-a2bd-316c4178f4f2
63365a43-8db3-4177-850d-4131bed24a80,2024-03-02,32c17625-6078-41d6-adec-e4edd7f7e067,ef0207f3-d3ad-441c-977a-f96bf7f3bd54,7,972.07,7.23,85.97,Credit Card,Pending,2022-08-23,30ad5295-417b-4f44-9e98-e6a858a7cf29
d120e421-04a2-4b1f-a1bb-32471c91a120,2024-03-04,beb54181-d24c-48cb-86d3-1a1913923d37,c435548e-ba34-4618-b717-025f0120d63f,8,467.54,66.31,59.75,Bank Transfer,Cancelled,2024-01-29,e9ac5a35-9511-4b60-be36-03102ef21c04
42f18f4b-7a18-4670-b3d9-ce14321c8ead,2024-05-15,f7120d8d-4cee-45a5-b3e5-c4f1cda1ba30,36a4ccd0-61e3-432f-9b7f-6c082f472ad1,8,46.45,99.38,75.22,Debit Card,Completed,2023-06-09,98900032-1745-4a81-962a-d65c9dc26483
d474abad-979a-4750-9971-5e04f6dd185e,2024-01-12,a760e938-2d78-4257-8ee0-9b0fb4994e79,d5bdc83c-7d64-49f0-a402-fabab2eb5d24,10,637.98,30.6,11.88,Credit Card,Pending,2021-07-23,121a99f9-4055-4e72-9e2e-795e99ee67aa
8b4fe569-dc4b-457d-b6f4-c9dfee2d801d,2024-05-23,6f6f2cd9-3429-4942-b69f-ae7941049bd6,98a70fbf-1f3e-48b5-8777-e4bd0cf4694a,5,743.67,72.06,69.59,Bank Transfer,Cancelled,2023-01-20,17281025-b2fb-4d34-b811-fe78356c908a
1787a5fb-d1f3-4e5a-87b2-c7dc7309784b,2024-04-14,20089aad-a3b5-4646-b35e-0f0bafaf9891,4e58fee4-e57e-4703-b201-d48033e5f06e,9,887.84,21.18,81.72,Debit Card,Completed,2021-06-17,0cbe99df-d03d-475a-8f1a-5e3c3a768427
95c1a62b-8aa5-4ce6-a682-21709ba88cdd,2024-01-28,350c12d7-eb54-435b-8ef4-e2703b8ac761,131d67a6-750b-4acc-8892-c5657aceed16,10,988.71,45.37,97.26,Credit Card,Cancelled,2020-12-27,2a154815-e114-4364-bfb8-2e4b535e3cdf
2def13be-ed1a-42fa-a89f-568e26b75dc8,2024-03-26,a740cdc9-e1f8-4740-aff1-c34a1a43f648,fea30aab-5255-43ae-89c3-0e19468efd92,5,426.04,36.79,0.93,Bank Transfer,Cancelled,2021-04-07,310dac58-e943-4182-8501-6767d82ff1ab
ba3d0bbb-4e6e-46cc-b90b-4c8277d283e6,2024-05-31,e1212181-154e-4115-b92c-e4571c7958d7,0636beb9-cb1a-4e9f-b68a-66b0e3e245b0,10,873.91,80.96,89.59,PayPal,Pending,2021-12-22,3019ccde-4a47-42d8-a532-2d5f0021eb22
546e0932-1fde-49a8-b65c-ba7c986e5e58,2024-05-20,7e3c245b-abbf-4a90-9d28-b56da7295a26,6593c0b7-c5ee-4095-8bab-81f9ecb92dfc,3,271.47,21.37,87.13,Debit Card,Completed,2021-09-02,f3ebd61b-7399-4b12-8ec3-41389279ebc6
c7c66d22-5f51-47c9-aff0-af8d15e3b67b,2024-06-12,6f5d5689-4845-44d5-8020-e2721c2417e1,df8f6751-bbe7-42da-b924-d1aa6a099415,6,315.12,6.09,48.85,PayPal,Pending,2021-07-16,d2037087-d024-4791-a713-5100d7d4b80c
7b49504b-ed42-496b-a999-085f3d573152,2024-01-24,df74102c-67e4-4cea-9cc4-0d7bffca7a6f,1e8bb102-00af-4b5a-9e13-29a2674bb14a,5,566.63,68.8,38.61,Bank Transfer,Cancelled,2024-03-12,63ca15ed-0ac5-4120-b159-9133c2a8aa70
8f91a0ce-b296-4885-9202-cac9d9a0680b,2024-05-17,22bccc88-7a9d-42a9-ad82-4de9ee466605,0636beb9-cb1a-4e9f-b68a-66b0e3e245b0,2,395.18,64.12,16.05,PayPal,Completed,2023-11-14,ca9ad258-dd3c-4046-a020-358a4b6e9aec
785a6064-9587-447b-b995-8fc6d92cd7f2,2024-02-11,1b5c89a8-1723-4064-bc92-57339dedf39e,9d71d9c4-98e5-4ef1-b57f-05251a4e2aee,2,181.2,93.87,55.07,Bank Transfer,Pending,2023-03-17,543fbb47-3ac4-49e4-a0a5-8807abb40ba1
a96617af-6b51-4cdd-bda4-fd80d4f88b7a,2024-02-13,517400c3-d005-467d-9238-57309d0b0532,1fc888f6-8a5b-4307-a441-03b01eee86b6,7,862.15,20.59,41.98,Credit Card,Pending,2021-11-04,9f8245ce-5d22-482c-8b22-2efb0e808274
45d555ca-4175-48f4-a3ef-ec43c03b1361,2024-04-15,d1bf8177-aa9d-4151-b78c-0e9100c47aba,4502a6c5-7672-4933-9a23-0afb9acb6de5,9,266.95,90.77,0.61,Debit Card,Cancelled,2020-06-27,8daec855-2cc0-4ed5-8188-7e96af8cd63e
68915e9c-929d-4330-ba16-2254c18e6bcb,2024-06-16,c15ddad3-bdff-4659-a57e-03b2dd9668e0,39942dea-4911-4bb2-9f31-023af9f47df0,3,84.16,48.34,24.0,Credit Card,Completed,2023-02-24,47c72aaa-a348-4b0b-9263-2dc073da8a69
9451f619-f790-4ce8-b952-5e53ccf37969,2024-04-03,60dcfc3c-9426-4262-b86d-aca5c3d384c8,4502a6c5-7672-4933-9a23-0afb9acb6de5,8,708.09,60.86,96.93,Credit Card,Pending,2023-03-30,bfba6e50-5dd4-47f7-8562-488f3cec51b2
31852e85-6dfc-401f-aa5a-9dd3b6ce0782,2024-01-15,49eefa32-33c0-4bc1-8987-a9d966a93c87,ef0207f3-d3ad-441c-977a-f96bf7f3bd54,2,971.11,32.05,14.11,PayPal,Pending,2023-05-27,4377915b-37fc-4a64-bcdf-2269a139a1c3
ca11c088-3f4a-4123-966f-f7fdb23397de,2024-03-05,2cc257a2-095f-49a4-9fb1-aeab2c19f28d,c75e21e5-4417-4601-9e1e-1f48028ad985,9,46.93,32.67,50.93,PayPal,Pending,2020-07-27,dc7aa094-5bb6-47f5-9a23-4a080a3a1fca
b1565738-593d-4866-90fe-13e249eceab4,2024-04-22,68d15426-647f-4446-9b78-b8f1220c308b,99a23260-6622-481e-bf7e-c49ae5172b84,9,454.72,95.75,99.41,Bank Transfer,Pending,2023-08-12,2ed9be2b-4c4e-4502-8e57-cedda08e0e72
148e386e-8f81-40d1-bf9c-ed88a82cacce,2024-03-23,6f5d5689-4845-44d5-8020-e2721c2417e1,964cbb5f-8b16-4a88-bd94-af7a119922c9,4,875.29,24.29,72.62,Bank Transfer,Completed,2021-03-28,7ab01524-2807-4df6-a609-18f45dc928d6
90e22637-6fe7-4c8b-a8a0-97f77f38b22d,2024-03-25,e98978a6-f222-4755-99fc-19af8507028c,fea30aab-5255-43ae-89c3-0e19468efd92,9,441.23,8.64,11.66,Credit Card,Pending,2021-08-19,6bccf716-e431-4373-9c1d-fc1740966e49
475760fa-0daa-439e-9eff-725a64cb7457,2024-05-05,2db52673-1fd5-440a-851e-accf7d07a89d,79c653c0-949b-4104-8801-4da52c63d96f,9,902.23,92.76,61.72,Bank Transfer,Pending,2023-07-29,58aa03d5-c9cb-466e-97dd-a3cc88c5d2eb
574e48fa-0281-4d6f-b4a0-30f38573bcaa,2024-05-31,881d7d8a-14fd-4698-b350-76b5e4ec9159,4502a6c5-7672-4933-9a23-0afb9acb6de5,4,228.66,55.05,9.8,Credit Card,Pending,2022-04-29,f1ae75e5-4e94-4f5d-95a2-955be024bfcd
b2bb64d8-40b8-4eed-a2a7-6577e0efdeb9,2024-01-30,5a6dcb48-33f3-4d33-a451-c957588b8f60,1e8bb102-00af-4b5a-9e13-29a2674bb14a,7,16.06,18.65,82.58,PayPal,Cancelled,2020-02-01,0a9b08b6-c8c6-4364-9ff1-95d0ee9a0e90
41da937e-b06e-48ba-84d9-f94bfbc83e55,2024-02-23,65b1b46f-5381-49be-b879-8387252711fd,ef0207f3-d3ad-441c-977a-f96bf7f3bd54,2,535.48,83.19,77.46,Credit Card,Completed,2022-06-01,67e3c074-1dd5-4591-ae44-8c51c7ae1c2e
